1;1;Прибытие поезда на вокзал города Ла-Сьота / L’Arrivee d’un train en gare de la Ciotat;1895;;44;220
2;1;Выход рабочих с фабрики / La Sortie de l’usine Lumiere a Lyon;1895;;44;220
3;1;Политый поливальщик / L’Arroseur arrose;1895;;44;220
4;1;Завтрак младенца / Le Repas de bebe;1895;;44;220
5;1;Танец «Серпантин» Аннабель / Annabelle Serpentine Dance;1895;;;295
6;1;Исчезновение дамы в театре Робера Удена / Escamotage d’une Dame chez Robert-Houdini;1896;;;135
7;1;Поцелуй / The Kiss;1896;;;295
8;1;Капустная фея / La Fee aux choux;1896;;;15
9;1;Господин Эдисон за работой в химической лаборатории / Mr. Edison at Work in His Chemical Laboratory;1897;;;77
10;1;Ужасный Тедди, король Гриззли / Terrible Teddy, the Grizzly King;1901;;;342
11;1;Круговая панорама Электрик-Тауэр / Circular Panorama of Electric Tower;1901;;;342
12;1;Панамериканская выставка ночью / Pan-American Exposition by Night;1901;;;342
13;1;Путешествие на Луну / Le Voyage dans la lune;1902;;;135
14;1;Жизнь американского пожарного / Life of an American Fireman;1902;;;342
15;1;Дядя Джош на киносеансе / Uncle Josh at the Moving Picture Show;1902;;;342
16;1;В царстве фей / Le Royaume des fees;1903;;;135
17;1;Волшебный фонарь / La Lanterne magiquе;1903;;;135
18;1;Казнь слона / Electrocuting an Elephant;1903;;;
19;1;Хижина дяди Тома / Uncle Tom’s Cabin;1903;;;342
20;1;Веселый продавец обуви / The Gay Shoe Clerk;1903;;;342
21;1;Romance of the Rails;1903;;;342
22;1;Большое ограбление поезда / The Great Train Robbery;1903;;;342
23;1;Путешествие сквозь невозможное / Le Voyage a travers l’impossible;1904;;;135
24;1;Плюшевые медвежата / The Teddy Bears;1907;;;342
25;1;Одинокая вилла / The Lonely Villa;1909;;;118
26;1;Спекуляция пшеницей / Corner in Wheat;1909;;;118
27;1;Его преданность / His Trust;1911;;;118
28;1;Телеграфистка из Лоундэйла / The Lonedale Operator;1911;;;
29;1;Нью-йоркская шляпа / The New York Hat;1912;;;
30;1;Мушкетёры Свиной аллеи / The Musketeers of Pig Alley;1912;;;
31;1;Битва при Элдербушском ущелье / The Battle of Elderbush Gulch;1913;;;
32;1;Дело чести / A House Divided;1913;;;15
33;1;Лоскутушка из страны Оз / The Patchwork Girl of Oz;1914;;;74
34;1;Кабирия / Cabiria;1914;;21;86
35;1;Фантомас / Fantomas;1914;;44;180
36;1;Рождение нации / The Birth of a Nation;1915;;39;118
37;1;Вампиры / Les Vampires;1915;;44;180
38;1;Нетерпимость / Intolerance;1916;;39;118
39;1;Обман / The Cheat;1916;;39;268
40;1;Иммигрант / The Immigrant;1917;;39;331
41;1;Берг Эйвинд и его жена / Berg-Ejvind och hans hustru;1917;;53;47
42;1;Сломанные побеги / Broken Blossoms;1919;;39;118
43;1;Солнечная сторона / Sunnyside;1919;;39;331
44;1;Кабинет доктора Калигари / Das Cabinet Des Dr. Caligari;1920;;12;250
45;1;Возница / Korkarlen;1920;;53;47
46;1;Пятно / The Blot;1921;;39;179
47;2;Манхеттен / Manhatta;1921;;39;335
48;1;Носферату симфония ужаса / Nosferatu eine Symphonie des Grauens;1922;;12;316
49;1;Ведьмы / Haxan;1922;;15;34
50;1;Глупые жёны / Foolish Wives;1922;;39;353
51;2;Нанук с Севера / Nanook of the North;1922;;39;256
52;1;Наконец в безопасности! / Safety Last;1923;;39;311
53;1;Киноглаз;1924;;38;106
54;1;Последний человек / Der Letzte Mann;1924;;12;316
55;1;Алчность / Greed;1924;;39;353
56;1;Шерлок младший / Sherlock Junior;1924;;39;33
57;1;Сага о Йёсте Берлинге / Gosta Berlings saga;1924;;53;214
58;1;Бесчеловечность / L’Inhumaine;1924;;44;198
59;1;Железный конь / The Iron Horse;1924;;39;98
60;1;Броненосец «Потёмкин»;1925;;38;266
61;1;Золотая лихорадка / The Gold Rush;1925;;39;331
62;1;Тело и душа / Body and Soul;1925;;39;224
63;1;Безрадостный переулок / Die freudlose Gasse;1925;;12;61
64;4;Большой парад / The Big Parade;1925;;;153
65;1;По закону;1926;;38;173
66;1;Паровоз Генерал / The General;1926;;39;33
67;1;Жилец / The Lodger;1926;;9;19
68;1;Мать;1926;;38;55
69;1;Страница безумия / Kurutta ippeji;1926;;56;290
70;5;Бен-Гур / Ben Hur: The Tale of the Christ;1926;;;310
71;1;Метрополис / Metropolis;1927;;12;317
72;1;Конец Санкт-Петербурга;1927;;38;55
73;1;Наполеон / Napoleon;1927;;44;3
74;1;Восход солнца / Sunrise;1927;;39;316
75;1;Певец джаза / The Jazz Singer;1927;;39;6
76;1;Октябрь;1927;;38;266
77;2;Берлин: Симфония большого города / Berlin: Die Sinfonie der Grosstadt;1927;;12;42
78;2;Чанг: Драма в глуши / Chang: A Drama of the Wilderness;1927;;39;203
79;6;Подполье / Underworld;1927;;;89
80;3;Седьмое небо / Seventh Heaven;1927;;;319
81;1;Деньги / L’Argent;1928;;44;198
82;1;Толпа / The Crowd;1928;;39;153
83;1;Потомок Чингисхана;1928;;38;55
84;1;Страсти Жанны д`Арк / La passion de Jeanne d’Arc;1928;;44;147
85;2;Человек с киноаппаратом;1928;;38;106
86;1;Под крышами Парижа / Sous les toits de Paris;1929;;44;242
87;2;Турксиб;1929;;38;45
88;2;Дождь / Regen;1929;;30;190
89;7;Парад любви / The Love Parade;1929;;;354
90;1;Земля;1930;;38;9
91;1;Голубой ангел / The Blue Angel;1930;;12;89
92;1;Золотой век / L’Age d’Or;1930;;44;181
93;1;Граница / Borderline;1930;;9;151
94;6;Маленький Цезарь / Little Caesar;1930;;;202
95;4;На Западном фронте без перемен / All Quiet on the Western Front;1930;;;184
96;1;М убийца / M;1931;;12;317
97;1;Изгнанник / The Exile;1931;;39;224
98;6;Враг общества / The Public Enemy;1931;;;293
99;8;Дракула / Dracula;1931;;;284
100;1;Я – беглый каторжник / I Am a Fugitive from a Chain Gang;1932;;39;202
101;9;Неприятности в раю / Trouble in Paradise;1932;;;354
102;6;Лицо со шрамом / Scarface;1932;;;65
103;3;Белокурая Венера / Blonde Venus;1932;;;89
104;7;Люби меня сегодня / Love Me Tonight;1932;;;261
105;1;Ноль за поведение / Zero de conduite: Jeunes diables au college;1933;;44;126
106;1;Кристофер Стронг / Christopher Strong;1933;;39;109
107;1;Дружище Мендоса / El Compadre Mendoza;1933;;29;303
108;2;Жёлтый поход / La Croisiere Jaune;1933;;44;176
109;2;Земля без хлеба / Las Hurdes;1933;;20;181
110;8;Кинго Конг / King Kong;1933;;39;203
111;7;Парад в огнях рампы / Footlight Parade;1933;;;178
112;1;Аталанта / L’Atalante;1934;;44;126
113;2;Песнь о Цейлоне / The Song of Ceylon (Basil Wright;1934;;9;40
114;2;Новая земля / Nieuwe gronden;1934;;30;139
115;2;Траулер из Грэнтона / Granton Trawler;1934;;9;94
116;9;Это случилось однажды ночью / It Happened One Night;1934;;;320
117;5;Клеопатра / Cleopatra;1934;;;268
118;3;Кровавая императрица / The Scarlet Empress;1934;;;89
119;1;Преступление господина Ланжа / Le crime de monsieur Lange;1935;;44;128
120;1;39 ступеней / The 39 Steps;1935;;9;19
121;1;Новые времена / Modern Times;1935;;39;331
122;2;Триумф воли / Triumph des Willens;1935;;12;174
123;2;Жилищные проблемы / Housing Problems;1935;;9;344
124;9;Вечер в опере / A Night at the Opera;1935;;;278
125;8;Невеста Франкенштейна / Bride of Frankenstein;1935;;;76
126;7;Цилиндр / Top Hat;1935;;;195
127;1;Гионские сестры / Gion no shimai;1936;;56;168
128;2;Ночная почта / Night Mail;1936;;9;58
129;9;Мой слуга Годфри / My Man Godfrey;1936;;;81
130;7;Время свинга / Swing Time;1936;;;104
131;1;Великая иллюзия / La Grande Illusion;1937;;44;128
132;2;Река / The River;1937;;39;227
133;2;Испанская земля / The Spanish Earth;1937;;39;139
134;9;Ужасная правда / The Awful Truth;1937;;;175
135;5;Благословенная земля / The Good Earth;1937;;;270
136;3;Стелла Даллас / Stella Dallas;1937;;;153
137;3;Дверь на сцену / Stage Door;1937;;;68
138;1;Александр Невский;1938;;38;266
139;2;Олимпия / Olympia;1938;;12;174
140;9;Воспитание Крошки / Bringing Up Baby;1938;;;325
141;6;Ангелы с грязными лицами / Angels with Dirty Faces;1938;;;185
142;1;День начинается / Le Jour se leve;1939;;44;197
143;1;Мистер Смит едет в Вашингтон / Mr. Smith Goes to Washington;1939;;39;320
144;1;Правила игры / La Regle du jeu;1939;;44;128
145;2;Город / The City;1939;;39;291
146;5;Унесённые ветром / Gone With the Wind;1939;;;46
147;6;Ревущие двадцатые / The Roaring Twenties;1939;;;240
148;4;Молодой мистер Линкольн / Young Mr. Lincoln;1939;;;98
149;7;Волшебник страны Оз / The Wizard of Oz;1939;;;46
150;10;Дилижанс / Stagecoach;1939;;;98
151;1;Еврей Зюсс / Jud Suss;1940;;12;300
152;1;Багдадский вор / Thief of Bagdad;1940;;9;186
153;3;Танцуй девочка танцуй / Dance Girl Dance;1940;;;109
154;2;Вечный жид / Der ewige Jude;1940;;12;318
155;9;Филадельфийская история / The Philadelphia Story;1940;;;101
156;9;Его девушка Пятница / His Girl Friday;1940;;;325
157;3;Ребекка / Rebecca;1940;;;19
158;1;Гражданин Кейн / Citizen Kane;1941;;39;223
159;2;Слушайте Британию / Listen to Britain;1941;;9;322
160;9;Странствия Салливана / Sullivan’s Travels;1941;;;235
161;9;Леди Ева / The Lady Eve;1941;;;235
162;11;Мальтийский сокол / The Maltese Falcon;1941;;;100
163;3;Вперед путешественник / Now Voyager;1942;;;140
164;2;Почему мы сражаемся / Why We Fight;1942;;39;320
165;2;Битва за Россию / The Battle of Russia;1942;;39;20
166;4;Миссис Миннивер / Mrs. Miniver;1942;;;292
167;4;Касабланка / Casablanca;1942;;;185
168;8;Люди-кошки / Cat People;1942;;;125
169;1;День гнева / Vredens dag;1943;;15;147
170;1;Ворон / Le Corbeau;1943;;44;23
171;2;Начались пожары / Fires Were Started;1943;;9;322
172;8;Седьмая жертва / The Seventh Victim;1943;;;194
173;1;Иван Грозный. 1 серия;1944;;38;266
174;2;Битва под Сан-Пьетро / The Battle of San Pietro;1944;;39;100
175;11;Двойная страховка / Double Indemnity;1944;;;37
176;11;Лаура / Laura;1944;;;225
177;11;Леди-призрак / Phantom Lady;1944;;;254
178;1;Дети райка / Les Enfants du Paradis;1945;;44;197
179;1;Рим. открытый город / Roma. citta aperta;1945;;21;257
180;1;Короткая встреча / Brief Encounter;1945;;9;116
181;7;Встреть меня в Сент-Луисе / Meet Me in St. Louis;1945;;;50
182;11;Объезд / Detour;1945;;;343
183;3;Милдред Пирс / Mildred Pierce;1945;;;185
184;1;Земляк / Paisa;1946;;21;257
185;1;Убийцы среди нас / Die Morder sind unter uns;1946;;12;53
186;2;Да будет свет / Let There Be Light;1946;;39;100
187;11;Глубокий сон / The Big Sleep;1946;;;65
188;4;Лучшие годы нашей жизни / The Best Years of Our Lives;1946;;;292
189;10;Проход каньона / Canyon Passage;1946;;;125
190;10;Дуэль под солнцем / Duel in the Sun;1947;;;153
191;1;Земля дрожит / La Terra Trema;1948;;21;182
192;1;Красные башмачки / The Red Shoes;1948;;9;346
193;1;Похитители велосипедов / Ladri di biciclette;1948;;21;52
194;3;Письмо незнакомки / Letter from an Unknown Woman;1948;;;189
195;7;Пасхальный парад / Easter Parade;1948;;;334
196;10;Красная река / Red River;1948;;;65
197;2;Кровь животных / Le sang des betes;1949;;44;136
198;6;Белая горячка / White Heat;1949;;;240
199;1;Дневник сельского священника / Journal d’un cure de campagne;1950;;44;249
200;1;Третий человек / The Third Man;1950;;9;169
201;1;Забытые / Los Olvidados;1950;;29;181
202;1;Бульвар Сансет / Sunset Boulevard;1950;;39;37
203;1;Расёмон / Rashomon;1950;;56;5
204;2;Кон-Тики / Kon Tiki;1950;;32;289
205;11;Без ума от оружия / Gun Crazy;1950;;;90
206;6;Асфальтовые джунгли / The Asphalt Jungle;1950;;;100
207;3;Всё о Еве / All about Eve;1950;;;87
208;1;Река / The River;1951;;45;128
209;8;Нечто / The Thing;1951;;;166
210;12;День, когда Земля остановилась / The Day the Earth Stood Still;1951;;;255
211;1;Запрещённые игры / Les Jeux interdits;1952;;44;241
212;2;На улице / In the Street;1952;;39;78
213;3;Злые и красивые / The Bad and the Beautiful;1952;;;50
214;7;Поющие под дождём / Singin’ in the Rain;1952;;;275
215;10;Ровно в полдень / High Noon;1952;;;313
216;1;Мадам де… / Madame De;1953;;44;189
217;1;Токийская повесть / Tokyo monogatari;1953;;56;357
218;1;Плата за страх / Le Salaire de la peur;1953;;44;23
219;1;Сказки туманной луны после дождя / Ugetsu Monogatari;1953;;56;168
220;1;Каникулы господина Юло / Les Vacances de M. Hulot;1953;;44;124
221;1;Соль Земли / Salt of the Earth;1953;;39;62
222;1;Путешествие в Италию / Viaggio in Italia;1953;;21;257
223;1;Маленький беглец / The Little Fugitive;1953;;39;262
224;7;Театральный фургон / The Band Wagon;1953;;;50
225;5;Плащаница / The Robe;1953;;;60
226;11;Сильная жара / The Big Heat;1953;;;317
227;4;Отныне и во веки веков / From Here to Eternity;1953;;;313
228;12;Война миров / The War of the Worlds;1953;;;31
229;1;Семь самураев / Shichinin no samurai;1954;;56;5
230;1;Управляющий Сансё / Sansho dayu;1954;;56;168
231;1;В порту / On the Waterfront;1954;;39;345
232;1;Слово / Ordet;1954;;15;147
233;1;Дорога / La Strada;1954;;21;301
234;10;Джонни-гитара / Johnny Guitar;1954;;;218
235;1;Боб-прожигатель / Bob le Flambeur;1955;;44;134
236;1;Смерть велосипедиста / Muerte de un ciclista;1955;;20;328
237;1;Песнь дороги / Pather Panchali;1955;;18;263
238;2;Ночь и туман / Nuit et Brouillard;1955;;44;12
239;11;Целуй меня насмерть / Kiss Me Deadly;1955;;;252
240;8;Ночь охотника / The Night of the Hunter;1955;;;333
241;12;Этот остров Земля / This Island Earth;1955;;;88
242;10;Человек из Ларами / The Man from Laramie;1955;;;351
243;1;Канал / Kanal;1956;;33;21
244;1;Красный шар / Le Ballon rouge;1956;;44;17
245;1;Бирманская арфа / Biruma no tategoto;1956;;56;161
246;5;Гигант / Giant;1956;;;104
247;5;Десять заповедей / The Ten Commandments;1956;;;268
248;3;Все, что дозволено небесам / All That Heaven Allows;1956;;;110
249;12;Запретная планета / Forbidden Planet;1956;;;309
250;12;Вторжение похитителей тел / Invasion of the Body Snatchers;1956;;;107
251;10;Искатели / The Searchers;1956;;;98
252;1;Земляничная поляна / Smultronstallet;1957;;53;138
253;1;Летят журавли;1957;;38;208
254;1;Ночи Кабирии / Le notti di Cabiria;1957;;21;301
255;4;Тропы славы / Paths of Glory;1957;;;276
256;7;Забавная мордашка / Funny Face;1957;;;275
257;10;Сорок ружей / Forty Guns;1957;;;280
258;1;Пепел и алмаз / Popiol i diament;1958;;33;21
259;1;Головокружение / Vertigo;1958;;39;19
260;2;Мы — парни из Ламбета / We Are the Lambert Boy;1958;;9;146
261;11;Печать зла / Touch of Evil;1958;;;223
262;1;Баллада о солдате;1959;;38;70
263;1;На последнем дыхании / A Bout de souffle;1959;;44;131
264;1;Хиросима моя любовь / Hiroshima mon Amour;1959;;44;12
265;1;Четыреста ударов / Les quatre cents coups;1959;;44;308
266;1;Карманник / Pickpocket;1959;;44;249
267;1;Тени / Shadows;1959;;39;96
268;1;Мир Апу / Apur Sansar;1959;;18;263
269;9;В джазе только девушки / Some Like It Hot;1959;;;37
270;5;Бен-Гур / Ben Hurr;1959;;;292
271;3;Имитация жизни / Imitation of Life;1959;;;110
272;10;Рио Браво / Rio Bravo;1959;;;65
273;10;Одинокий всадник / Ride Lonesome;1959;;;29
274;1;Приключение / L’Avventura;1960;;21;204
275;1;Служанка / Hanyo;1960;;55;154
276;1;Мать Иоанна от ангелов / Matka Joanna od aniolow;1960;;33;121
277;1;Рокко и его братья / Rocco e i suoi fratelli;1960;;21;182
278;1;Звезда за темной тучей / Meghe Dhaka Tara;1960;;18;244
279;1;Голый остров / Hadaka no shima;1960;;56;145
280;1;Подглядывающий / Peeping Tom;1960;;9;186
281;2;Позорный урожай / Harvest of Shame;1960;;39;312
282;2;Предварительные выборы / Primary;1960;;39;246
283;5;Спартак / Spartacus;1960;;;276
284;8;Психо / Psycho;1960;;;19
285;1;Аккаттоне / Accattone;1961;;21;236
286;1;В прошлом году в Мариенбаде / L’annee derniere a Marienbad;1961;;44;12
287;1;Изгнание / The Exiles;1961;;39;152
288;1;Виридиана / Viridiana;1961;;20;181
289;1;Клео от 5 до 7 / Cleo a 5 de 7;1961;;44;24
290;1;Связной / The Connection;1961;;39;340
291;2;Хроника одного лета / Chronique d’un Ete(Jean Rouch/Edgar Morin;1961;;44;129
292;5;Эль Сид / El Cid;1961;;;351
293;7;Вестсайдская история / West Side Story;1961;;;255
294;13;Изгнание / The Exiles;1961;;;152
295;1;Вкус сайры / Sanma no aji;1962;;56;357
296;1;Затмение / L’eclisse;1962;;21;204
297;1;Взлётная полоса / La Jetee;1962;;44;163
298;1;Восемь с половиной / 8 1/2;1963;;21;301
299;1;Леопард / Il gattopardo;1963;;21;182
300;1;Погубленные жизни / Vidas Secas;1963;;6;217
301;2;Кризис / Crisis;1963;;39;246
302;2;Прекрасный май / Le Joli Mai;1963;;44;163
303;2;7 лет / 7 Up;1963;;9;188
304;2;Мертвые птицы / Dead Birds;1963;;39;251
305;8;Птицы / The Birds;1963;;;19
306;1;Красная пустыня / Il deserto rosso;1964;;21;204
307;1;Тени забытых предков;1964;;38;265
308;1;Доктор Стрейнджлав или Как я научился не волноваться и полюбил атомную бомбу / Dr Strangelove or: How I Learned to Stop Worrying and Love the Bomb;1964;;9;276
309;1;Вечер трудного дня / A Hard Day’s Night;1964;;9;245
310;1;Евангелие от Матфея / Il vangelo secondo Matteo;1964;;21;226
311;2;Вопрос по порядку ведения заседания / Point of Order;1964;;39;347
312;1;Чернокожая из… / La noire de…;1965;;37;298
313;1;Безумный Пьеро / Pierrot le Fou;1965;;45;131
314;1;Без надежды / Szegenylegenyek;1965;;10;205
315;1;Магазин на площади / Obchod na korze;1965;;50;355
316;1;Непримирившиеся или Где правит насилие помогает только насилие / Nicht versohnt oder Es hilft nur Gewalt wo Gewalt herrscht;1965;;12;132
317;1;Счастье / Le Bonheur;1965;;44;24
318;1;Любовные похождения блондинки / Lasky jedne plavovlasky;1965;;50;206
319;2;Военная игра / The War Game;1965;;9;234
320;2;Обыкновенный фашизм;1965;;38;209
321;2;Париж глазами шести / Paris vu par…;1965;;44;159
322;1;Битва за Алжир / La battaglia di Algeri;1966;;21;83
323;1;Девушки из Рошфора / Les demoiselles de Rochefort;1966;;44;122
324;1;Отец – Дневник одной веры / Apa;1966;;10;143
325;1;Фотоувеличение / Blow-up;1966;;9;204
326;1;Маргаритки / Sedmikrasky;1966;;50;43
327;1;О торжестве и гостях / O slavnosti a hostech;1966;;50;356
328;1;Наудачу Бальтазар / Au Hasard Balthazar;1966;;48;249
329;1;Андрей Рублев;1966;;38;22
330;1;Персона / Persona;1966;;53;138
331;1;Птицы большие и малые / Uccellacci e uccellini;1966;;21;226
332;12;Вторые / Seconds;1966;;;99
333;1;Дневник Дэвида Гольцмана / David Holzman’s Diary;1967;;39;85
334;1;Две или три вещи которые я знаю о ней / 2 ou 3 Choses que je sais d’elle;1967;;44;131
335;1;Время развлечений / Playtime;1967;;44;124
336;1;Уик-энд / Weeken;1967;;44;131
337;1;Дневная красавица / Belle de Jour;1967;;44;181
338;1;Война и мир;1967;;38;264
339;1;Земля в трансе / Terra em Transe;1967;;6;64
340;2;Взвод Андерсона / La section Anderson;1967;;44;237
341;2;Портрет Джейсона / Portrait of Jason;1967;;39;340
342;2;Не смотри назад / Don’t Look Back;1967;;39;71
343;2;Безумцы Титиката / Titicut Follies;1967;;39;314
344;2;Варрендейл / Warrendale;1967;;24;16
345;11;В упор / Point Blank;1967;;;92
346;6;Бонни и Клайд / Bonnie and Clyde;1967;;;26
347;1;Невинность без защиты / Nevinost bez zastite;1968;;54;111
348;1;Если / If;1968;;9;177
349;1;Ночь у Мод / Ma Nuit chez Maude;1968;;44;352
350;1;Смертная казнь через повешение / Koshikei;1968;;56;215
351;1;Однажды на Диком Западе / C’era una volta il West;1968;;21;267
352;1;Петулия / Petulia;1968;;39;245
353;1;Воспоминания об отсталости / Memorias del subdesarrollo;1968;;27;288
354;2;Час огней: Заметки и свидетельства о неоколониализме насилии и освобождении / La hora de los hornos: Notas y testimonios sobre el neocolonialismo la violencia y la liberacion;1968;;2;304
355;2;Коммивояжер / Salesman;1968;;39;113
356;8;Ребёнок Розмари / Rosemary’s Baby;1968;;;259
357;12;2001: Космическая одиссея / 2001: A Space Odyssey;1968;;;276
358;1;Конформист / Il conformista;1969;;21;35
359;1;Тайна племени Харабат / Al-mummia;1969;;16;338
360;1;Цвет граната;1969;;38;265
361;1;Беспечный ездок / Easy Rider;1969;;39;120
362;1;Кровь кондора / Yawar mallku;1969;;5;326
363;1;Дракон зла против святого воителя / O Dragao da Maldade contra o Santo Guerreiro;1969;;6;64
364;1;Лусия / Lucia;1969;;27;296
365;2;Негасимый огонь / Nicht loschbares Feuer;1969;;12;324
366;2;Печаль и жалость / Le Chagrin et la pitie;1969;;44;199
367;2;Супружеская пара / A Married Couple;1969;;24;16
368;8;Ночь живых мертвецов / Night of the Living Dead;1969;;;103
369;10;Дикая банда / The Wild Bunch;1969;;;279
370;1;Король Лир;1970;;38;69
371;1;Представление / Performance;1970;;9;108
372;2;Госпиталь / Hospital;1970;;39;314
373;2;Вудсток / Woodstock;1970;;39;187
374;4;Паттон / Patton;1970;;;307
375;1;Четыре ночи мечтателя / Quatre nuits d’un reveur;1971;;44;249
376;1;Свит Свитбэк: Песня мерзавца / Sweet Sweetback’s Badasssss Song;1971;;39;201
377;1;Мой дядя Антуан / Mon Oncle Antoine;1971;;24;157
378;1;Шафт / Shaft;1971;;39;67
379;1;Последний киносеанс / The Last Picture Show;1971;;39;231
380;1;В.Р. Мистерия организма / W.R. — Misterije organizma;1971;;54;111
381;1;Как вкусен был мой француз / Como Era Gostoso o Meu Frances;1971;;6;217
382;10;МакКейб и миссис Миллер / McCabe and Mrs. Miller;1971;;39;253
383;13;Двухполосное шоссе / Two-Lane Blacktop;1971;;;213
384;1;Скромное обаяние буржуазии / Le Charme discret de la Bourgeoisie;1972;;44;181
385;1;Агирре гнев божий / Aguirre der Zorn Gottes;1972;;49;44
386;1;Последнее танго в Париже / Ultimo tango a Parigi;1972;;23;35
387;2;Китай / Chung Kuo — Cina;1972;;21;204
388;6;Крестный отец / The Godfather;1972;;;315
389;7;Кабаре / Cabaret;1972;;;38
390;1;Дух улья / El espiritu de la colmena;1973;;20;48
391;1;Американская ночь / La Nuit americaine;1973;;44;308
392;1;Злые улицы / Mean Streets;1973;;39;200
393;1;Пустоши / Badlands;1973;;39;282
394;1;Мамочка и шлюха / La Maman et la putain;1973;;44;130
395;11;Долгое прощание / The Long Goodbye;1973;;39;253
396;8;Изгоняющий дьявола / The Exorcist;1973;;;294
397;13;Пустоши / Badlands;1973;;;282
398;1;Песня Индии / India Song;1974;;44;192
399;1;Ксала (Бессилие) / Xala;1974;;37;298
400;11;Китайский квартал / Chinatown;1974;;;259
401;11;Разговор / The Conversation;1974;;;315
402;6;Крестный отец 2 / The Godfather: Part II;1974;;;315
403;1;Пикник у Висячей скалы / Picnic at Hanging Rock;1975;;1;233
404;1;Выкорми ворона / Cria Cuervos;1975;;20;148
405;1;Всё в порядке / Tout va bien;1975;;44;131
406;1;Жанна Дильман. набережная коммерции 23. Брюссель 1080 / Jeanne Dielman. 23 Quai du Commerce. 1080 Bruxelles;1975;;3;339
407;1;Комедианты / O thiasos;1975;;14;281
408;2;Серые сады / Grey Gardens;1975;;39;18
409;2;Битва на топорах / The Axe Fight;1975;;39;283
410;2;Девушки из Виттштока / Madchen in Wittstock;1975;;11;306
411;11;Ночные ходы / Night Moves;1975;;;26
412;1;С течением времени/ Im Lauf der Zeit;1976;;49;49
413;1;Нэшвилль / Nashville;1976;;39;253
414;1;Таксист / Taxi Driver;1976;;39;200
415;1;Вся президентская рать / All the President’s Men;1976;;39;7
416;1;Человек из мрамора / Czlowiek z marmuru;1976;;33;21
417;1;Восхождение;1976;;38;171
418;1;Империя чувств / Ai no korida;1976;;56;215
419;1;Иона, которому будет 25 лет в 2000 году / Jonas qui aura 25 ans en l’an 2000;1976;;52;13
420;2;История шара / Histoire d’un ballon: Le Lycee No.31 a Pekin;1976;;30;139
421;2;Округ Харлан США / Harlan County U.S.A.;1976;;39;32
422;13;Голова-ластик / Eraserhead;1976;;39;117
423;1;Забойщик овец / Killer of Sheep;1977;;39;332
424;1;Суспирия / Suspiria;1977;;57;72
425;2;Битва за Чили / La batalla de Chile;1977;;51;228
426;2;Гитлер — фильм из Германии / Hitler — ein Film aus Deutschland;1977;;12;57
427;9;Энни Холл / Annie Hall;1977;;;56
428;12;Звездные войны / Star Wars Episode IV: A New Hope;1977;;;102
429;13;Ангельский город / Angel City;1977;;;95
430;1;Гипотеза украденной картины / L’hypothese du tableau vole;1978;;44;239
431;1;Замужество Марии Браун / Die Ehe der Maria Braun;1978;;49;238
432;2;Германия осенью / Deutschland im Herbst;1978;;12;238
433;2;Дочь Рита / Daughter Rite;1978;;39;212
434;8;Кэрри / Carrie;1978;;;39
435;1;Патриотка / Die Patriotin;1979;;49;10
436;1;Мне отмщение и аз воздам / Fukushu suru wa ware ni ari;1979;;56;269
437;1;Апокалипсис сегодня / Apocalypse Now;1979;;39;315
438;1;Бешеный бык / Raging Bull;1980;;39;200
439;2;Говорящие головы / Gadajace glowy;1980;;33;167
440;2;Жизнь и времена клепальщицы Рози / The Life and Times of Rosie the Riveter;1980;;39;162
441;2;Свадебные верблюды / Wedding Camels;1980;;39;114
442;8;Сияние / The Shining;1980;;;276
443;1;Свинцовые времена / Die bleierne Zeit;1981;;49;191
444;1;Тишина вокруг Кристине М / De stilte rond Christine M;1981;;30;196
445;2;Биографии / Lebenslaufe;1981;;11;51
446;5;Красные / Reds;1981;;;297
447;1;Контракт рисовальщика / The Draftsman’s Contract;1982;;9;232
448;1;Люди в лодке / Tau ban no hoi;1982;;13;350
449;1;Ветер / Finye;1982;;28;277
450;1;Дорога / Yol;1982;;42;144
451;1;Видеодром / Videodrome;1982;;24;115
452;1;Иллюзии / Illusions;1982;;39;105
453;2;Мужчина когда он мужчина / El hombre cuando es hombre;1982;;51;41
454;2;Кояанискатси / Koyaanisqatsi;1982;;39;66
455;2;Атомное кафе / The Atomic Cafe;1982;;39;80
456;12;Бегущий по лезвию / Blade Runner;1982;;;243
457;1;Легенда о Нараяме / Narayama-bushi ko;1983;;56;269
458;1;Фанни и Александр / Fanny och Alexander;1983;;53;138
459;1;Кармен / Carmen;1983;;20;148
460;1;Ностальгия;1983;;22;22
461;2;Без солнца / Sans Soleil;1983;;44;163
462;13;Variety;1983;;;36
463;1;Желтая земля / Huang tudi;1984;;25;337
464;1;Париж Техас / Paris Texas;1984;;39;49
465;1;Камила / Camila;1984;;2;193
466;1;Дом и мир / Ghare-Baire;1984;;18;263
467;2;Времена Харви Милка / The Times of Harvey Milk;1984;;39;248
468;2;Вдали от Польши / Far from Poland;1984;;39;82
469;6;Однажды в Америке / Once upon a Time in America;1984;;;267
470;13;Более странно чем в раю / Stranger than Paradise;1984;;;84
471;1;Ран / Ran;1985;;56;5
472;2;Марш Шермана / Sherman’s March;1985;;39;260
473;2;Шоа / Shoah;1985;;44;158
474;2;Токио-Га / Tokyo-ga;1985;;12;49
475;1;Синий бархат / Blue Velvet;1986;;39;117
476;1;Караваджо / Caravaggio;1986;;9;73
477;2;Песни Хендсворта / Handsworth Songs;1986;;9;91
478;2;Лес блаженства / Forest of Bliss;1986;;39;251
479;13;Генри: портрет серийного убийцы / Henry: Portrait of a Serial Killer;1986;;;97
480;1;Яркий свет / Yeelen;1987;;28;277
481;1;Красный гаолян / Hong gao liang;1987;;25;336
482;1;Свадьба в Галилее / Urs al-jalil;1987;;4;211
483;1;Небо над Берлином / Der Himmel uber Berlin;1987;;49;49
484;4;Цельнометаллическая оболочка / Full Metal Jacket;1987;;;276
485;1;Салам Бомбей / Salaam Bombay!;1988;;18;207
486;1;Декалог / Dekalog;1988;;33;167
487;1;Женщины на грани нервного срыва / Mujeres al borde de un ataque de nervios;1988;;20;229
488;1;Делай как надо / Do the Right Thing;1989;;39;272
489;1;Бабушка / Yaaba;1989;;8;137
490;1;Наемный убийца / Dip huet seung hung;1989;;13;93
491;1;Кукловод / Xi meng ren sheng;1989;;40;327
492;1;Девушка со спичечной фабрики / Tulitikkutehtaan tytto;1989;;43;4
493;1;Преступления и проступки / Crimes and Misdemeanors;1989;;39;56
494;1;В поисках Лэнгстона / Looking for Langston;1989;;9;141
495;1;Роли с текстом / Speaking Parts;1989;;24;28
496;1;секс,  ложь и видео / sex,  lies and videtape;1989;;39;273
497;13;секс, ложь и видео / sex, lies and videotape;1989;;;273
498;13;Аптечный ковбой / Drugstore Cowboy;1989;;;59
499;1;Ангел за моим столом / An Angel at My Table;1990;;31;79
500;1;Я нанял убийцу / I Hired a Contract Killer;1990;;43;4
501;1;Время цыган / Dom za vesanje;1990;;54;348
502;1;Вопрос чести / Tilai;1990;;7;137
503;1;Цзюй Доу / Ju Dou;1990;;25;302
504;6;Славные парни / Goodfellas;1990;;;200
505;10;Танцующий с волками / Dances with Wolves;1990;;;150
506;1;Очаровательная проказница / La belle noiseuse;1991;;44;123
507;1;Подними красный фонарь / Da hong deng long gao gao gua;1991;;25;336
508;1;Прерванный шаг аиста / To meteoro vima tou pelargou;1991;;14;281
509;13;Бездельник / Slacker;1991;;;247
510;1;Дочери пыли / Daughters of the Dust;1992;;39;105
511;1;Солнце в листве айвового дерева / El sol del membrillo;1992;;20;48
512;1;Жизнь по Агфе / Ha-Chayim Al-Pi Agfa;1992;;17;27
513;6;Бешеные псы / Reservoir Dogs;1992;;;149
514;10;Непрощённый / Unforgiven;1992;;;156
515;1;Санкофа / Sankofa;1993;;7;321
516;1;Дорогой дневник / Caro diario;1993;;21;216
517;4;Список Шиндлера / Schindler’s List;1993;;;274
518;1;Три цвета (трилогия) / Trois couleurs;1994;;47;167
519;1;Чунгкингский экспресс / Chung Hing sam lam;1994;;13;54
520;1;Да здравствует любовь / Ai qing wan sui;1994;;26;329
521;11;Криминальное чтиво / Pulp Fiction;1994;;;149
522;1;Мертвец / Dead Man;1995;;39;84
523;13;Дым / Smoke;1995;;;299
524;1;Рассекая волны / Breaking the Waves;1996;;15;172
525;1;Интимный дневник / The Pillow Book;1996;;9;232
526;1;Славное будущее / The Sweet Hereafter;1997;;24;28
527;1;Вкус вишни / Ta’m e guilass;1997;;19;1
528;1;Река / He liu;1997;;40;329
529;5;Титаник / Titanic;1997;;;75
530;13;Гуммо / Gummo;1997;;;323
531;1;Торжество / Festen;1998;;15;287
532;1;Шанхайские цветы / Hai shang hua;1998;;40;327
533;1;Беги Лола беги / Lola rennt;1998;;49;286
534;4;Тонкая красная линия / The Thin Red Line;1998;;;282
535;4;Спасти рядового Райана / Saving Private Ryan;1998;;;274
536;12;Тёмный город / Dark City;1998;;;8
537;1;Хорошая работа/ Beau Travail;1999;;44;155
538;1;С широко закрытыми глазами / Eyes Wide Shut;1999;;9;276
539;8;Ведьма из Блэр / The Blair Witch Project;1999;;;119
540;12;Матрица / The Matrix;1999;;;349
541;1;Один и два / Yi yi;2000;;40;341
542;1;Платформа / Zhantai;2000;;25;330
543;1;Сука-любовь / Amores Perros;2000;;29;14
544;1;Любовное настроение / Fa yeung nin wa;2000;;13;54
545;1;Человек без прошлого / Mies vailla menneisyytta;2000;;43;4
546;1;Песни со второго этажа / Sanger fran andra vaningen;2000;;53;258
547;5;Гладиатор / Gladiator;2000;;;243
548;13;Джордж Вашингтон / George Washington;2000;;;112
549;1;Хвала любви / Eloge de l’amour;2001;;44;131
550;7;Мулен Руж / Moulin Rouge!;2001;;;30
551;13;Песни отчаяния Фернанды Хуссейн / The Mad Songs of Fernanda Hussein;2001;;;127
552;1;Поговори с ней / Hable con ella;2002;;20;229
553;1;Город бога / Cidade de Deus;2002;;6;305
554;1;В ожидании счастья / Heremakono;2002;;46;2
555;1;Десять / 10;2002;;19;1
556;1;Русский ковчег;2002;;35;11
557;1;Сын / Le Fils;2002;;3;133
558;3;Вдали от рая / Far from Heaven;2002;;;285
559;1;Отчуждение / Uzak;2003;;42;219
560;1;Пять препятствий / De fem benspaend;2003;;15;172
561;13;Трудности перевода / Lost in Translation;2003;;;271
562;1;Скрытое / Cache;2004;;44;210
563;1;Тропическая болезнь / Sud pralad;2004;;41;25
564;1;Святая девушка / La nina santa;2004;;2;183
565;1;Смерть господина Лазареску / Moartea domnului Lazarescu;2005;;36;164
566;1;Натюрморт / Sanxia haoren;2006;;25;330
567;1;Юность в движении / Juventude Em Marcha;2006;;34;230
568;1;Лабиринт Фавна / El laberinto del fauno;2006;;29;63
569;1;4 месяца, 3 недели и 2 дня / 4 luni, 3 saptamani si 2 zile;2007;;36;165
570;8;Паранормальное явление / Paranormal Activity;2007;;;222
571;1;Объединенная Красная армия / Jitsuroku Rengo Sekigun: Asama sanso e no michi;2008;;56;160
572;1;Белая лента / Das weisse Band — Eine deutsche Kindergeschichte;2009;;49;210
573;4;Бесславные ублюдки / Inglourious Basterds;2009;;;149
574;4;Повелитель бури / The Hurt Locker;2009;;;170
575;12;Аватар / Avatar;2009;;;75
576;1;Карлос / Carlos;2010;;44;221
577;10;Железная хватка / True Grit;2010;;;142
578;1;Древо жизни / A Tree of Life;2011;;39;282
579;1;Дядюшка Бунми который помнит свои прошлые жизни / Loong Boonmee raleuk chat;2011;;41;25